{"CV-RMSE": 0.10711895053136924, "CV-MAPE": 0.02134840464971633, "CV-sd-RMSE": 0.0021712151704980174, "CV-sd-MAPE": 0.0004415162458893695, "Training Time": 0.1588576316833496, "Training Time se": 0.0005032462672845018}