{"CV-RMSE": 0.10267359635399098, "CV-MAPE": 0.0201823418947586, "CV-sd-RMSE": 0.0020815118065919793, "CV-sd-MAPE": 0.0003669348208238132, "CV-LL": -0.7632753275835593, "CV-sd-LL": 0.016498591963834613, "Training Time": 0.0, "Training Time se": NaN}