{"CV-RMSE": 0.1022920344927207, "CV-MAPE": 0.019550148157448252, "CV-sd-RMSE": 0.0023722561396287123, "CV-sd-MAPE": 0.0005487897113230337, "CV-LL": -0.7387454247495606, "CV-sd-LL": 0.015746585412534715, "Training Time": 1909.6354321956635, "Training Time se": 4.653624127104131}