{"CV-RMSE": 0.11387139029043647, "CV-MAPE": 0.0224600128162846, "CV-sd-RMSE": 0.0011491367362071864, "CV-sd-MAPE": 0.00025123296741458583, "CV-LL": -0.848234187293361, "CV-sd-LL": 0.010594234289898193, "Training Time": 930.1163209438324, "Training Time se": 3.375856586178948}