{"CV-RMSE": 0.9457934083113086, "CV-MAPE": 0.2689578067378214, "CV-sd-RMSE": 0.06792269612314798, "CV-sd-MAPE": 0.021991067314917023, "CV-LL": 0.5778875262076213, "CV-sd-LL": 0.0962754483249235, "Training Time": 0.0, "Training Time se": NaN}