{"CV-RMSE": 3.2355135273579996, "CV-MAPE": 1.1582465439394218, "CV-sd-RMSE": 0.5975159552633302, "CV-sd-MAPE": 0.07268783390304066, "Training Time": 0.07801203727722168, "Training Time se": 0.0008977967980275035}