{"CV-RMSE": 0.6898825255992876, "CV-MAPE": 0.24264543725261886, "CV-sd-RMSE": 0.11851971981100966, "CV-sd-MAPE": 0.02251534684135485, "CV-LL": 0.9840794425260325, "CV-sd-LL": 0.10456383205083057, "Training Time": 1748.450490093231, "Training Time se": 2.4430635595209758}