{"CV-RMSE": 0.9371367852759193, "CV-MAPE": 0.24542401257225635, "CV-sd-RMSE": 0.2236400671401411, "CV-sd-MAPE": 0.02296107496478558, "CV-LL": 0.6975640594150583, "CV-sd-LL": 0.1771285529225268, "Training Time": 791.9323765277862, "Training Time se": 2.069938511536894}